model,rmse,rmse,mae,mae,r2,r2
,mean,std,mean,std,mean,std
lgbm,1.1050927235784886,0.09444662588227387,0.8292386464862548,0.09326807345448608,0.04155360795536514,0.06486885522882196
linear,1.0474000640473722,0.11425915688290339,0.7842658531342548,0.11681489404122405,0.13942230940765712,0.098174030227769
poly_deg_2,1.3140831205485328,0.08363943956647156,0.9639749527076041,0.05677923949509234,-0.3794750777394513,0.2766318212921335
