model,rmse,rmse,mae,mae,r2,r2
,mean,std,mean,std,mean,std
lgbm,0.7679517861516842,0.4963022678881972,0.3184047886197737,0.2390057711938111,0.6879058756248048,0.42575363340496625
linear,2.9156390757690795,0.9146673639062158,2.1416448385087166,0.6274957521128398,0.028541352653922436,0.045245785299461536
poly_deg_2,2.9106666992420047,0.9043814774346259,2.09460303348006,0.6583017148914321,0.03060454063394516,0.060784105408863275
