model,rmse,rmse,mae,mae,r2,r2
,mean,std,mean,std,mean,std
lgbm,1.085838221960292,0.19798915715386817,0.6244394640792303,0.1155492752085529,0.852214781956597,0.0344566574079606
linear,2.2811331212093435,0.6410643836731711,1.5818692395902456,0.5989028251905676,0.37082210880494193,0.17437521391079464
poly_deg_2,2.321425173808601,0.586417905060696,1.5939628449151528,0.5501052015490338,0.3461459671405971,0.1539413785719948
