model,rmse,rmse,mae,mae,r2,r2
,mean,std,mean,std,mean,std
lgbm,1.0995738884164876,0.18696396733753062,0.6342515111386079,0.09726775889431333,0.8498087908683015,0.03075203563059115
linear,2.270568690926868,0.6384608989372723,1.5806901432127427,0.6059865268450427,0.3781606030266843,0.1678527839375973
poly_deg_2,2.309731721251944,0.5831257897408957,1.5904672731068665,0.5574730876554086,0.35422082125677695,0.14681000384745094
